{"cameraMode":{"drawMode":0,"name":"Shaded","section":"Shading Mode"},"sceneLighting":true,"audioPlay":false,"sceneViewState":{"m_AlwaysRefresh":false,"showFog":true,"showSkybox":true,"showFlares":true,"showImageEffects":true,"showParticleSystems":true,"showVisualEffectGraphs":true,"m_FxEnabled":true},"in2DMode":false,"pivot":{"x":97.79389190673828,"y":-13.329385757446289,"z":46.08415985107422},"rotation":{"x":-0.0024093580432236196,"y":0.9789512157440186,"z":-0.2043699026107788,"w":-0.009912786073982716},"size":107.48406982421875,"orthographic":false}