{"cameraMode":{"drawMode":0,"name":"Shaded","section":"Shading Mode"},"sceneLighting":false,"audioPlay":false,"sceneViewState":{"m_AlwaysRefresh":false,"showFog":true,"showSkybox":false,"showFlares":true,"showImageEffects":true,"showParticleSystems":true,"showVisualEffectGraphs":true,"m_FxEnabled":true},"in2DMode":false,"pivot":{"x":0.00005841255187988281,"y":0.8498693704605103,"z":0.001173257827758789},"rotation":{"x":-0.016428789123892785,"y":-0.7380083799362183,"z":0.017918631434440614,"w":-0.6744012236595154},"size":1.724210262298584,"orthographic":false}