{"cameraMode":{"drawMode":0,"name":"Shaded","section":"Shading Mode"},"sceneLighting":false,"audioPlay":false,"sceneViewState":{"m_AlwaysRefresh":false,"showFog":true,"showSkybox":false,"showFlares":true,"showImageEffects":true,"showParticleSystems":true,"showVisualEffectGraphs":true,"m_FxEnabled":true},"in2DMode":false,"pivot":{"x":0.00005841255187988281,"y":0.8498693704605103,"z":0.001173257827758789},"rotation":{"x":-0.04623953625559807,"y":-0.844639778137207,"z":0.07393480837345123,"w":-0.5282468199729919},"size":1.724210262298584,"orthographic":false}