{"cameraMode":{"drawMode":0,"name":"Shaded","section":"Shading Mode"},"sceneLighting":false,"audioPlay":false,"sceneViewState":{"m_AlwaysRefresh":false,"showFog":true,"showSkybox":false,"showFlares":true,"showImageEffects":true,"showParticleSystems":true,"showVisualEffectGraphs":true,"m_FxEnabled":true},"in2DMode":false,"pivot":{"x":0.3722223937511444,"y":0.03521694242954254,"z":0.0012404918670654297},"rotation":{"x":-0.13786491751670838,"y":0.4077349007129669,"z":-0.0621943436563015,"w":-0.9005958437919617},"size":1.444593906402588,"orthographic":false}