{"cameraMode":{"drawMode":0,"name":"Shaded","section":"Shading Mode"},"sceneLighting":false,"audioPlay":false,"sceneViewState":{"m_AlwaysRefresh":false,"showFog":true,"showSkybox":false,"showFlares":true,"showImageEffects":true,"showParticleSystems":true,"showVisualEffectGraphs":true,"m_FxEnabled":true},"in2DMode":false,"pivot":{"x":-2.068544387817383,"y":8.980345726013184,"z":-0.3875865936279297},"rotation":{"x":-0.0004590593744069338,"y":0.9981232285499573,"z":-0.00479130307212472,"w":-0.06298881769180298},"size":11.545780181884766,"orthographic":false}