{"cameraMode":{"drawMode":0,"name":"Shaded","section":"Shading Mode"},"sceneLighting":false,"audioPlay":false,"sceneViewState":{"m_AlwaysRefresh":false,"showFog":true,"showSkybox":false,"showFlares":true,"showImageEffects":true,"showParticleSystems":true,"showVisualEffectGraphs":true,"m_FxEnabled":true},"in2DMode":false,"pivot":{"x":-0.014141321182250977,"y":0.5106667280197144,"z":0.14195728302001954},"rotation":{"x":-0.111971914768219,"y":-0.5528621077537537,"z":0.07524125277996063,"w":-0.822319746017456},"size":1.5874935388565064,"orthographic":false}