{"cameraMode":{"drawMode":0,"name":"Shaded","section":"Shading Mode"},"sceneLighting":false,"audioPlay":false,"sceneViewState":{"m_AlwaysRefresh":false,"showFog":true,"showSkybox":false,"showFlares":true,"showImageEffects":true,"showParticleSystems":true,"showVisualEffectGraphs":true,"m_FxEnabled":true},"in2DMode":false,"pivot":{"x":124.89746856689453,"y":6.893153667449951,"z":10.103738784790039},"rotation":{"x":-0.11830233037471771,"y":-0.6727141737937927,"z":0.11015435308218003,"w":-0.7224516272544861},"size":11.657421112060547,"orthographic":false}